name,email,phone number,address
Example12,example12@example.com,222-22-22,Example Address12
Example13,example13@example.com,222-22-22,Example Address13
Example14,example14@example.com,222-22-22,Example Address14
Example15,example15@example.com,222-22-22,Example Address15
Example16,example16@example.com,222-22-22,Example Address16
Example17,example17@example.com,222-22-22,Example Address17
Example18,example18@example.com,222-22-22,Example Address18
Example19,example19@example.com,222-22-22,Example Address19
Example20,example20@example.com,222-22-22,Example Address20
Example21,example21@example.com,222-22-22,Example Address21
Example22,example22@example.com,222-22-22,Example Address22
Example23,example23@example.com,222-22-22,Example Address23
